{"cameraMode":{"drawMode":0,"name":"Shaded","section":"Shading Mode"},"sceneLighting":true,"audioPlay":false,"sceneViewState":{"showFog":true,"showMaterialUpdate":true,"showSkybox":true,"showFlares":true,"showImageEffects":true,"showParticleSystems":true},"in2DMode":false,"pivot":{"x":-0.15696048736572267,"y":0.38497471809387209,"z":0.510383665561676},"rotation":{"x":0.1624266505241394,"y":-0.5791947841644287,"z":0.11911478638648987,"w":0.7899131774902344},"size":5.331151008605957,"orthographic":false}