{"cameraMode":{"drawMode":0,"name":"Shaded","section":"Shading Mode"},"sceneLighting":true,"audioPlay":false,"sceneViewState":{"showFog":true,"showMaterialUpdate":true,"showSkybox":true,"showFlares":true,"showImageEffects":true,"showParticleSystems":true},"in2DMode":false,"pivot":{"x":10.231128692626954,"y":3.922107219696045,"z":3.099315881729126},"rotation":{"x":0.0744025930762291,"y":-0.8226259350776672,"z":0.11073727160692215,"w":0.5527098774909973},"size":3.732665777206421,"orthographic":false}